puesto,ciudad,fecha
Senior UX freelance,Madrid,27/01/11
Diseñador web (UX/UI),Madrid,04/11/13
UX DESIGNER AT MULTINATIONAL CONSULTING COMPANY,Alacant,15/02/12
Diseñador de Interacción Senior UX Freelance,Madrid,11/06/13
System Administrator Linux Barcelona,Barcelona,19/03/15
UX/UI and motion designer,Nom Pen,30/11/15
Diseñadores interacción y visual (UX),Madrid,14/05/12
UI/UX Designer,Madrid,31/10/14
Diseño UI / UX para Web y Apps,Ávila,27/10/15
Diseñador UX/UI mobile&web,Barcelona,09/03/17
Senior UX/UI Designers,Madrid,09/02/15
Diseñador Senior interacción / UX,Madrid,05/07/16
Diseñador UX,En remoto,24/11/16
UX/UI Backend Designer,Barcelona,15/02/15
Senior UX Designer,Madrid,21/11/16
Experto en servidores Linux,Barcelona,13/02/11
Consultor UX Senior,Madrid,16/11/11
Diseñador  UX/UI,Madrid,21/12/15
UI/UX Designer,En remoto,07/02/17
AUXILIAR POSTPRODUCCIÓN AFTER EFFECTS,Santiago de Compostela,20/12/10
Diseñador UX/UI,Madrid,10/06/15
Junior UI / UX Designer,Barcelona,23/05/16
UX / UI Designer,Madrid,05/11/13
Diseñador Visual senior UX/UI,Madrid,27/10/15
UX/UI Mobile Designer,Sevilla,01/08/16
UI/UX designer for mobile &amp; web,San Pedro, Filipinas
Diseñador web UI UX,Bilbo,09/06/16
Diseñador UI/UX,Madrid,27/05/14
Diseñador UX/UI,indiferente,11/08/13
Experto UX,Zamudio,11/10/16
UX Specialist,Sevilla,11/04/16
Diseñador gráfico/UI/UX,Leganés,07/08/14
UX/UI Designer,Barcelona,04/06/12
UX Designer,Barcelona,14/10/16
Director de Arte y UX,Madrid,19/12/16
UI/UX Designer for mobile and desktop apps,Barcelona,03/09/15
(UK) Consultor CX/UX/UI Designer,Madrid,06/07/15
UI/UX Designer Digital,Madrid,07/09/16
Diseñadores UX/UI Freelance,En remoto,12/04/16
Auxiliar: Comercial y TeleMarketing  (sector Internet),Móstoles,05/10/12
Sr. Graphic UX Designer,Barcelona,06/05/14
UX/UI Junior Web Designer,Barcelona,07/01/15
Diseñador Visual UI/UX Senior,Madrid,07/04/16
UX Designer,Barcelona,09/11/16
Junior UI/UX Designer,Barcelona,22/09/16
Senior IxD/UX designer,Madrid,14/04/16
Diseñador UX Jr,Vigo,29/06/16
UX/UI Mobile designer,Barcelona,13/04/16
Diseñador UX / Programador Front-End,Barcelona,03/09/14
Diseñador UX,Madrid,05/07/16
UX Designer,Madrid,28/06/16
Ux junior,Barcelona,17/03/15
UX  Manager,Madrid,25/11/15
Diseñador Senior UX/UI / Senior Designer UX/UI,Pozuelo de Alarcón,10/03/17
Diseñador maquetador web UI/UX,Sevilla,17/04/15
Prácticas en empresa para Soporte y Testing. (Linux),Madrid,30/01/13
Design UX,Bilbo,06/03/14
Arquitecto Linux y Dockers,Madrid,22/06/16
Diseñador Mobile UX/UI,Madrid,03/02/14
Diseñador/a UX (Freelance),Madrid,03/06/14
Programador senior PHP Sistemas Linux,Madrid,19/08/10
DISEÑADOR UX / MAQUETADOR,Madrid,30/10/12
UX / IU Designer,Barcelona,14/04/15
UI/UX Designer /  Creativo,Madrid,25/04/16
Diseñador UX Junior,Madrid,05/07/16
Frontend developer JS/UX,Barcelona,15/11/16
Excellent UX/Web Designer,En remoto,04/02/10
Senior UX Design Lead,Barcelona,10/03/17
Diseñador UI/UX Mobile,Madrid,09/07/13
Senior Mobile Designer & UX/UI Web,Madrid,21/10/14
Senior UI/UX Designer,Mgarr, Malta
UX Designer/Researcher,Barcelona,03/05/16
Front-end / Mobile / UX,Llinars del Vallès,20/03/15
UX/UI Designer (Temporary role),Barcelona,01/02/17
Diseñador/a UX/AI,Barcelona,21/11/16
Diseñador Ux Senior,Madrid,26/01/12
Responsable de Arte y Maquetador Web UI/UX,Madrid,17/11/16
UX/UI Mobile Designer,Barcelona,23/12/15
UX Designer,Barcelona,05/01/16
Consultor UX/ Diseñador Gráfico,Barcelona,14/04/16
Diseñador UI UX y Maquetador Web,Zaragoza,10/03/16
UX Senior Consultant,Sant Cugat del Vallès,05/11/14
UX Designer-HAVAS MEDIA,Madrid,08/02/12
Diseñador UX/UI Senior,Madrid,15/07/16
UI & UX App Designer,Madrid,03/03/16
UX / IA Designer,Madrid,10/10/13
Experto en Experiencia de Usuario (UX),Barcelona,07/10/14
PROGRAMADOR PHP MYSQL LINUX,Madrid,25/01/11
UI/UX Designer for pixel perfect websites and mobile applicat...,Barcelona,29/09/15
Consultor UX Diseñador de Interacción,Madrid,05/11/15
Diseñador programador UX / UI,Rafelbuñol,13/05/15
UX junior Barcelona,Barcelona,27/05/15
Programador HTML/CSS/UX,Madrid,10/02/17
Senior UI/UX Designer,Barcelona,19/05/16
Diseñador Móvil UX/UI,Barcelona,27/01/16
Diseñador UX/UI junior,Madrid,08/02/16
Diseñador Senior UX /UI,Pozuelo de Alarcón,21/12/16
UX Ninja,Barcelona,18/06/11
UI/UX web designer,En remoto,14/02/17
Diseñador/a JUNIOR/SENIOR (gráfico UI/UX),Gijón,07/05/15
Auxiliar Autónomo de Diseñador Gráfico que le guste el fútbol,Las Rozas,23/04/10
Junior Open-source Web Programmer (Linux Apache MySQL PHP, Jo...,Barcelona
Diseñador UX/UI,Barcelona,23/06/16
UX/UI Designer Junior,Madrid,06/12/16
UX/UI Designer (M/F),Lisboa, Portugal
UI/UX Designer,Madrid,16/07/14
UX Designer,Barcelona,07/03/17
Consultor UX Junior,Barcelona,22/08/16
UX/UI Designer,Barcelona,23/11/15
Full-stack Developer (Angular/PHP/Symfony/Linux),Barcelona,09/02/17
UX/UI Designer +CSS,Barcelona,19/05/16
UX Research Internship,Barcelona,17/02/16
Diseñador UI/UX y maquetador web en HTML5/CSS3,Alcoy,13/04/15
Director de Arte y UX,Madrid,05/09/16
Senior UX/UI Designer,Madrid,03/12/15
Diseñador UX/UI mobile&web,Barcelona,21/10/15
UX / Interaction Design intern,Nom Pen,16/10/15
Diseñador UI / UX,Madrid,07/10/15
Mobile UI / UX Designer,Madrid,26/11/15
UX/UI Designer,Martorell,07/06/16
Programador-Administrador de Sistemas Linux,Fuengirola,15/03/09
Linux-System Engineer for the maintenance of the serverfarm,Berlín, Alemania
UX/UI Designer,Madrid,14/11/16
UX Front-end Developer,Barcelona,16/02/16
UI / UX Designer mobile,Madrid,03/01/13
Consultor UX,Madrid,29/05/12
Diseñador UX/UI junior,Madrid,26/11/14
UX Designer,Madrid,06/07/16
Diseñador Web UX / UI,Alcobendas,06/11/13
Art Director & UX / UI Designer,Barcelona,12/12/16
UX / UI designer,Barcelona,07/08/14
Freelance UX Web Designer,Barcelona,22/09/14
UX / UI Designer,Barcelona,25/11/14
UX Designer con Inglés Alto,Madrid,22/04/15
Auxiliar de Diseño Gráfico,Barcelona,16/02/16
UI/UX Designer,Madrid,16/03/15
UX/UI Manager,Barcelona,09/12/13
Diseñador Senior (UI/UX),Ciudad de México,21/12/15
UI/ UX Designer,Barcelona,05/12/12
Diseñador UX / UI,Pozuelo de Alarcón,16/12/16
Ux DESIGNER,Guadalupe,25/05/15
Great UX/UI Designer,En remoto,04/03/10
Diseñador Web/UX,Madrid,08/10/14
Diseñador/a Gráfico UI/UX,Elda,16/10/14
UX Designer,Barcelona,04/08/16
Administradores UNIX (HP-UX),Madrid,20/12/10
Técnico de sistemas Linux y Windows,Madrid,14/10/08
Front End developer /UX,Barcelona,09/02/15
Junior Systems Engineer (linux),Barcelona,08/03/17
Designer UX Web developer,Barcelona,13/08/13
Open-source Web Programmer (Linux Apache MySQL PHP, Joomla),Barcelona
Diseñador gráfico / Diseñador web / UI / UX,Madrid,14/10/16
UX Senior Product Designer,Barcelona,29/11/16
Diseñador visual UI/UX,Madrid,16/09/14
Diseñador/a UX UI,Madrid,21/01/16
UX Designer,Madrid,14/09/15
Diseñador UI/UX y maquetador web en HTML5/CSS3,Las Palmas de Gran Canaria,10/04/15
UX Designer,Madrid,28/07/15
Diseñador UX/UI freelance,Barcelona,15/02/16
Diseñador/a UX/UI Mobile,Barcelona,02/12/16
Junior UX designer,Barcelona,02/10/15
Lead UX/UI Developer at Oonair.com,Barcelona,23/01/13
Intern UI/UX Designer,Barcelona,18/01/16
Diseñador UX / UI,Madrid,06/03/17
Auxiliar Autónomo de Diseñador Gráfico que le guste el fútbol,Las Rozas,02/11/10
Jr. UX Interaction Designer,Madrid,23/02/11
UI/UX Designer,Madrid,15/04/16
UX/UI Expert,Madrid,09/05/16
Responsable de Arte y Maquetador Web UI/UX,Madrid,15/09/16
UX Designer,Barcelona,18/06/12
Diseñador Gráfico con experiencia en UI/UX,Barcelona,17/07/15
UX Designer,En remoto,08/09/16
UX/UI Frontender,Barcelona,27/05/14
Diseño/desarrollo UX/UI WEB y móvil (APPs),Barcelona,20/11/15
Director de Proyectos UX,Madrid,19/08/16
UX/UI Designer +CSS,Barcelona,22/03/16
Senior UX/UI Designer,Barcelona,24/02/17
Diseñador UI/UX freelance,Madrid,03/12/15
Diseñador de Interfaz web. UX Web Designer,Cádiz,29/05/12
Experto en UX   35.000 €,Madrid,09/06/11
técnico o auxiliar informático,Barcelona,24/01/13
Auxiliar de Project Manager Interactivo,Barcelona,17/11/09
Diseñador UX / Mejora de experiencia de usuario,Barcelona,18/05/15
UX Developer,Madrid,10/03/15
Diseñador UI/UX,Madrid,06/09/16
UI/UX Designer Freelance or Part-Time,Valencia,27/02/15
Diseñador UX/UI Junior,Madrid,15/07/16
UX/UI Designer,Barcelona,08/02/16
System Administrator Linux,Arenys de Mar,19/03/15
Diseñador freelancer website UX,Barcelona,05/04/13
UX Specialist,Barcelona,08/10/14
Prácticas: Consultor Junior UX,Madrid,02/03/15
Diseñador UX Senior,Valencia,23/11/16
Administrador/a de Sistemas Linux Senior,Pamplona,13/06/11
Administrador de sistemas GNU/Linux,Madrid,09/10/15
UX/UI Mobile Designer,Barcelona,25/02/16
UX Product Manager,Barcelona,13/02/12
Diseño de experiencia de usuario e interfaz UX / UI,Madrid,15/07/15
Experto en UX,Madrid,18/01/12
UX Senior User Experience,Barcelona,08/03/12
Consultor y Diseñador UX / Senior specialist en Visualización...,Barcelona,09/12/16
Diseñador UX Junior,Barcelona,06/05/15
Diseñador UX/AI,Barcelona,07/04/15
Diseñador web UX-UI,Pozuelo de Alarcón,16/12/15
Consultor UX Diseñador,Madrid,07/10/15
UI/UX Designer,Madrid,30/08/10
UI/UX Designer/ WPF engineers,Algete,09/09/15
Diseñador UI/UX,Barcelona,29/05/15
UX Automoción,Barcelona,21/12/16
Diseñador/a Web UX Asociado,Buenos Aires,18/02/15
USER EXPERIENCE (UX) CONSULTANT,Alacant,07/02/12
Senior UI/UX Designer,Madrid,05/03/14
UI/UX Designer (Fulltime),Barcelona,18/01/17
Interaction Designer UX,Sant Cugat del Vallès,28/01/14
Diseñador UI/UX y programador Frontend,Barcelona,13/01/15
UX Designer,Barcelona,08/11/12
Diseñador digital UI/UX,Barcelona,28/03/16
Diseñador UX-UI,Barcelona,15/04/16
Senior UX/Product Designer,Madrid,09/03/17
Ux/UI Designer,Barcelona,05/01/12
UX/UI Mobile Designer,Barcelona,19/01/16
Diseñador UX,Paseo Mikeletegi 65, planta 0
UX/UI Designer & Developer,Madrid,15/03/16
Diseño UX con experiencia,Madrid,11/02/15
UI/UX Designer,Murcia,17/03/15
Web Develper-UX,Madrid,27/01/15
Digital UX Designer,Barcelona,08/06/15
UI / UX Architect,Barcelona,23/10/13
UX/UI designer (mobile),Indiferente,07/09/15
UX/UI Designer CSS,Barcelona,24/01/17
Diseñador UX,Donostia,21/08/15
Web / UX / UI designer,Vigo,10/05/12
Diseñador web Senior UX/UI,Palma,28/10/15
UI/UX Designer,Barcelona,22/05/15
MARCA.com: Designer/Coder UI-UX,Madrid,06/05/11
Web Designer (UX/UI),Barcelona,12/02/15
Diseñador UX/UI para app freelance,Barcelona,20/01/17
Diseñador UI/UX Apps,Murcia,25/04/14
Diseñador UX,Madrid,12/12/16
Diseñador/Maquetador Web UI/UX,Madrid,15/09/16
Intern UX Designer,Barcelona,22/04/16
Consultor UX Junior,Madrid,16/11/11
Instalador Wowza/Config. Servidores Web Linux-Windows,Valencia,17/02/11
UX Designer Team Lead,Madrid,17/06/14
UX/UI designer,Barcelona,07/09/16
Diseñador Web – UI & UX Design/ Frontend Developer,Zaragoza,16/02/17
Ux Designer,Madrid,02/07/15
Web/UX/UI DESIGNER,Barcelona,28/05/12
Responsable de UX/UI para ticketea.com,Madrid,23/07/13
Diseñador UX,Madrid,08/09/15
Experto/a en UX,En remoto,16/08/16
UX / IU Designer,Barcelona,13/01/14
Director de Arte y UX,Madrid,10/10/16
Senior UI/UX Designer,Madrid,10/05/16
Crazy UX Designer,Valencia,21/07/15
UX/UI Lead,Madrid,16/02/17
UI/UX Designer,Barcelona,04/03/15
UX/UI and Graphic Designer,Madrid,01/09/16
Web & Mobile UX Designer,Barcelona,26/04/16
UX, UI, diseño y maquetación
UX/UI Designer,Barcelona,05/07/16
UX/UI Desing Manager- Oberta Publishing,Barcelona,26/02/15
UX Designer,Barcelona,11/08/14
UI/UX Designer,Finestrat,22/06/16
Diseñador UX,Madrid,14/08/15
UX/UI Designer,Barcelona,12/02/16
UX / UI Designer,Pozuelo de Alarcón,09/02/17
Designer UX/UI,Barcelona,17/03/16
Diseñador de interacción web (UX web),Cádiz,12/04/12
Front-end developer (UI / UX / Mobile),Bilbo,05/03/14
UX Junior,Madrid,30/05/16
Operating System LINUX SuSe,Madrid,15/06/11
Administrador Sistemas Linux Técnico Microinformática,Barcelona,23/04/15
UX Designer,Madrid,06/03/17
Diseñador/a UX-UI Senior,Bilbao,24/01/17
Diseñador Web / Usuabilidad / IUX,Madrid,11/03/16
Administrador/a de BBDD (ORACLE y MySQL) en entornos LINUX/AIX,Cornellà de Llobregat,23/11/15
Front-end developer (UX/UI),Barcelona,12/02/15
UI &amp; UX mobile designer (beca),Ciudad Juárez,20/02/12
Consultor UX,Madrid,31/05/16
UX especialistas en Diseño de Interacción,Barcelona,12/02/14
Designer (UX/UI FrontEnd),Barcelona,18/08/16
Diseñador Visual UI/UX,Madrid,22/04/15
Junior UX tester/analyst,Madrid,13/01/16
Consultor experto UX,Barcelona,23/01/12
UX Researcher,Sant Cugat del Vallès,14/02/17
UX- CONSULTOR DE USABILIDAD,Pozuelo de Alarcón,25/08/15
UI/UX Web &  Mobile Designer,Guecho,09/01/14
Senior UX Designer,Barcelona,26/01/11
Auxiliar administrativa,Sitges,08/03/11
Diseñador UI/UX de aplicaciones móviles,Madrid,02/11/16
Consultor UX Diseñador de Interacción,Madrid,13/11/15
Web & UX, UI Designer,Madrid
UI/UX Senior Designer,Madrid,03/10/14
Consultor UX Senior,Madrid,12/01/15
Experto/Diseñador UX/UI,Madrid,13/05/16
UI/UX Designer,Madrid,06/05/16
Senior UX Designer,Madrid,05/12/16
Consultor UX para Digital Experience,Madrid,05/03/13
Profesor UX-UI,Madrid,14/03/16
DIiseñador UXAI Junior,Barcelona,21/04/15
UI/UX designer,Zúrich, Suiza
UI/UX Designer,Barcelona,12/05/16
UX/UI Designer,Sant Cugat del Vallès,28/10/16
Graphic/UI/UX Designer,Altea,01/06/11
Diseñador visual web/UX que sea fino, fino...,Madrid
Diseñador UI/UX para soluciones web, desktop y mobile,Valencia
Diseñador UX/ UI Designer,Madrid,12/05/15
UI/UX and/or Design Engineer,Westfield,07/01/12
Auxiliar Diseño gráfico,Barcelona,29/06/15
UX Designer,Madrid,15/09/15
Diseñador/a UX,Valladolid,27/01/17
Senior UX/UI Designer,Barcelona,09/03/17
Programador web senior experto en UX,Barcelona,26/04/12
Diseñador UX,Madrid,11/06/14
Junior UX Designer,Barcelona,14/05/15
Consultor Diseño y UX Mobile.,Madrid,23/10/15
UX & UI Designer at Medtep,Barcelona,11/06/15
Diseñadores UI/UX,Madrid,06/12/11
Consultor Externo de UX,Indiferente Online,28/10/13
MARCA.com: Designer/Coder UI-UX,Madrid,12/05/11
Diseñador/a de UX/UI,Madrid,18/03/16
Diseñador UI/UX Junior,Barcelona,03/08/15
Analista Java/J2SE sobre Linux,Madrid,27/09/16
Diseñador web y UX,Barcelona,01/06/16
